Workbook

Sheet Conversion rate by TrafficSourc
A3: TrafficSource | B3: Sum of ConversionRate
A4: Direct | B4: 0
A5: Paid Ads | B5: 2
A6: Organic | B6: 3
A7: Grand Total | B7: 5
A11: Which Traffic Source has highest Coversion rate | B11: =_xlfn.XLOOKUP(B6,B4:B6,A4:A6,) -> Organic
A15: What's the highest conversion rate | B15: =VLOOKUP("Organic",A4:B6,2,FALSE) -> 3

Sheet Conversion rate by Date
A3: Date | B3: Sum of ConversionRate
A4: 46122 | B4: 1
A5: 46123 | B5: 1
A6: 46124 | B6: 0
A7: 46125 | B7: 2
A8: 46126 | B8: 1
A9: Grand Total | B9: 5
A13: On which day we had highest Coversion rate | B13: =_xlfn.XLOOKUP(B7,B4:B8,A4:A8,) -> 46125
A17: What's the highest conversion rate | B17: =VLOOKUP(A7,A4:B8,2,FALSE) -> 2

Sheet Conversion rate by Device
A3: Device | B3: Sum of ConversionRate
A4: Desktop | B4: 4
A5: Mobile | B5: 1
A6: Grand Total | B6: 5
A10: What's the lowest conversion rate | B10: =VLOOKUP("Mobile",A4:B5,2,FALSE) -> 1
A14: Which Device contributes the lowest conversion rate | B14: =_xlfn.XLOOKUP(MIN(B4:B5),B4:B5,A4:A5,) -> Mobile

Sheet Avg TimeOnSite_sec by TrafficSo
A3: Traffic Source | B3: Avg TimeOnSite_sec
A4: Direct | B4: 133.33333
A5: Organic | B5: 202.5
A6: Paid Ads | B6: 256.66667
A7: Grand Total | B7: 198
A11: Which TrafficSource had highest Avg TimeOnSite_sec | B11: =_xlfn.XLOOKUP(MAX(B4:B6),B4:B6,A4:A6,) -> Paid Ads
A15: What's the highest avg Conversion rate | B15: =VLOOKUP("Paid Ads",A4:B6,2,FALSE) -> 256.66667

Sheet Metrics
A1: Core Funnel Metrics | B1: Values
A3: Total Sessions | B3: =COUNTA(Dataset!A2:A11) -> 10
A4: Add to Cart Sessions | B4: =SUM(Dataset!I2:I11) -> 7
A5: Purchased Sessions | B5: =SUM(Dataset!J2:J11) -> 5
A7: Funnel Conversion rates | B7: Values
A9: Add to Cart Rate | B9: =SUM(Dataset!I2:I11)/COUNTA(Dataset!A2:A11) -> 0.7
A10: Purchased Rate | B10: =SUM(Dataset!K2:K11)/COUNTA(Dataset!A2:A11) -> 0.7
A11: Cart- Purchase | B11: =SUM(Dataset!J2:J11)/COUNTA(Dataset!A2:A11) -> 0.5

Sheet Dataset
A1: SessionID | B1: Date | C1: TrafficSource | D1: Device | E1: PagesViewed | F1: TimeOnSite_sec | G1: AddedToCart | H1: Purchased | I1: AddedToCartFlag | J1: PurchasedToCartFlag | K1: CartRate | L1: ConversionRate
A2: 5001 | B2: 46122 | C2: Organic | D2: Mobile | E2: 5 | F2: 180 | G2: Yes | H2: No | I2: =IF(G2="Yes",1,0) -> 1 | J2: =IF(H2="Yes",1,0) -> 0 | K2: =I2 -> 1 | L2: =J2 -> 0
A3: 5002 | B3: 46122 | C3: Paid Ads | D3: Desktop | E3: 8 | F3: 300 | G3: Yes | H3: Yes | I3: =IF(G3="Yes",1,0) -> 1 | J3: =IF(H3="Yes",1,0) -> 1 | K3: =I3 -> 1 | L3: =J3 -> 1
A4: 5003 | B4: 46123 | C4: Direct | D4: Mobile | E4: 3 | F4: 90 | G4: No | H4: No | I4: =IF(G4="Yes",1,0) -> 0 | J4: =IF(H4="Yes",1,0) -> 0 | K4: =I4 -> 0 | L4: =J4 -> 0
A5: 5004 | B5: 46123 | C5: Organic | D5: Desktop | E5: 6 | F5: 210 | G5: Yes | H5: Yes | I5: =IF(G5="Yes",1,0) -> 1 | J5: =IF(H5="Yes",1,0) -> 1 | K5: =I5 -> 1 | L5: =J5 -> 1
A6: 5005 | B6: 46124 | C6: Paid Ads | D6: Mobile | E6: 4 | F6: 150 | G6: Yes | H6: No | I6: =IF(G6="Yes",1,0) -> 1 | J6: =IF(H6="Yes",1,0) -> 0 | K6: =I6 -> 1 | L6: =J6 -> 0
A7: 5006 | B7: 46124 | C7: Direct | D7: Desktop | E7: 7 | F7: 250 | G7: No | H7: No | I7: =IF(G7="Yes",1,0) -> 0 | J7: =IF(H7="Yes",1,0) -> 0 | K7: =I7 -> 0 | L7: =J7 -> 0
A8: 5007 | B8: 46125 | C8: Organic | D8: Mobile | E8: 5 | F8: 200 | G8: Yes | H8: Yes | I8: =IF(G8="Yes",1,0) -> 1 | J8: =IF(H8="Yes",1,0) -> 1 | K8: =I8 -> 1 | L8: =J8 -> 1
A9: 5008 | B9: 46125 | C9: Paid Ads | D9: Desktop | E9: 9 | F9: 320 | G9: Yes | H9: Yes | I9: =IF(G9="Yes",1,0) -> 1 | J9: =IF(H9="Yes",1,0) -> 1 | K9: =I9 -> 1 | L9: =J9 -> 1
A10: 5009 | B10: 46126 | C10: Direct | D10: Mobile | E10: 2 | F10: 60 | G10: No | H10: No | I10: =IF(G10="Yes",1,0) -> 0 | J10: =IF(H10="Yes",1,0) -> 0 | K10: =I10 -> 0 | L10: =J10 -> 0
A11: 5010 | B11: 46126 | C11: Organic | D11: Desktop | E11: 6 | F11: 220 | G11: Yes | H11: Yes | I11: =IF(G11="Yes",1,0) -> 1 | J11: =IF(H11="Yes",1,0) -> 1 | K11: =I11 -> 1 | L11: =J11 -> 1
